,value
2000-01,-1.166387413895288
2000-02,-1.0106031003357991
2000-03,-0.9265586686607749
2000-04,-0.8880724287627964
2000-05,-0.8185083425565316
2000-06,-0.7561642335855164
2000-07,-0.8915097100799609
2000-08,-0.8594660083849716
2000-09,-0.7439400871501178
2000-10,-0.8317947706420155
2000-11,-0.6171261135137368
2000-12,-0.705295184771156
2001-01,-0.6237287555518686
2001-02,-0.4102860569242185
2001-03,-0.6194690898608716
2001-04,-0.5460396551328205
2001-05,-0.27158019663112576
2001-06,-0.47988269662158795
2001-07,-0.22907456148047248
2001-08,-0.22884058033814192
2001-09,-0.01507500637119319
2001-10,-0.22122129027971094
2001-11,-0.23738341795330795
2001-12,-0.09567182821141568
2002-01,-0.1736423450081396
2002-02,-0.08336733211723199
2002-03,-0.19086974813463392
2002-04,-0.15579581098590378
2002-05,0.0639111791054447
2002-06,0.010701403082599356
2002-07,0.02477317322957383
2002-08,-0.02833990305339136
2002-09,0.2064401133199979
2002-10,0.36583444910667207
2002-11,0.08123675300435587
2002-12,0.15026203848982314
2003-01,0.24558544697334764
2003-02,0.3620115149035831
2003-03,0.35260026593181143
2003-04,0.41856939645135843
2003-05,0.4267589297659594
2003-06,0.35474818383358414
2003-07,0.4564091349455619
2003-08,0.4872718912977916
2003-09,0.4747117816557647
2003-10,0.39878577118189973
2003-11,0.47395561199142155
2003-12,0.591588267181684
2004-01,0.5706520323037808
2004-02,0.3443576965898536
2004-03,0.5847196083353466
2004-04,0.6972606766216505
2004-05,0.7030825003974849
2004-06,0.6043151277989479
2004-07,0.6055570795735279
2004-08,0.7116867208707305
2004-09,0.720378991571416
2004-10,0.844183747839473
2004-11,0.7259805887831435
2004-12,0.830845194254622
2005-01,0.9537422344292311
2005-02,0.9412783863047834
2005-03,0.7644565437367064
2005-04,0.8324858786925116
2005-05,0.7689836000032135
2005-06,0.8699055710250683
2005-07,0.990694879202952
2005-08,0.7721102938863209
2005-09,0.9584119407750366
2005-10,0.8960243770433919
2005-11,0.9110164281331815
2005-12,0.8851818857809501
2006-01,1.0385796587421832
2006-02,0.9376549871411358
2006-03,1.056175938576759
2006-04,0.7485179534548521
2006-05,0.8471319842171517
2006-06,0.8742379394500474
2006-07,0.8948005386838799
2006-08,0.8041975861747704
2006-09,1.025364318659927
2006-10,0.8518662738088778
2006-11,0.8546836596609879
2006-12,0.9643686883161521
2007-01,0.958221170353077
2007-02,0.7310011798876094
2007-03,0.7664541474721982
2007-04,0.7595571633994368
2007-05,0.8265716598286473
2007-06,0.7084176669492319
2007-07,0.922446612900751
2007-08,0.640223775638172
2007-09,0.6913895767256882
2007-10,0.8196990570642763
2007-11,0.7088794630833412
2007-12,0.7371235731641346
2008-01,0.7318049862971515
2008-02,0.6839064277937109
2008-03,0.8574777173780574
2008-04,0.6285152123101724
2008-05,0.645623484091578
2008-06,0.5715367146098332
2008-07,0.6779382211890416
2008-08,0.7225854450319922
2008-09,0.7107266831553046
2008-10,0.6523592858250267
2008-11,0.630195718033721
2008-12,0.5848435334505571
2009-01,0.49211257006770415
2009-02,0.3655635036025167
2009-03,0.5533808370224486
2009-04,0.32026035610498327
2009-05,0.5157384229628149
2009-06,0.5489604559766611
2009-07,0.4754616457733108
2009-08,0.4733951231448234
2009-09,0.37311566543488184
2009-10,0.4895612859877617
2009-11,0.43744996406880543
2009-12,0.5961481874274619
2010-01,0.2590093497387208
2010-02,0.40049095496572373
2010-03,0.2874078244282437
2010-04,0.2174733972697154
2010-05,0.2354544448085691
2010-06,0.11828270343219127
2010-07,0.48002702689726606
2010-08,0.2735180561251499
2010-09,0.2828187649432425
2010-10,0.2164017144666094
2010-11,0.04530437438704388
2010-12,0.1333686632066693
2011-01,0.12457907075457013
2011-02,0.224513368952404
2011-03,0.15996775672197416
2011-04,-0.03983696838524259
2011-05,0.3581472288410869
2011-06,0.007029230615979543
2011-07,-0.12335553829993126
2011-08,0.10908794688117746
2011-09,-0.1294321608404411
2011-10,0.0038418335616010914
2011-11,0.11913963440187099
2011-12,-0.009727075517087735
2012-01,0.004514423634472003
2012-02,-0.03270592863310043
2012-03,-0.0009288466478028917
2012-04,-0.043746044694857836
2012-05,-0.21475239679868768
2012-06,0.0997870367026592
2012-07,-0.1857785765442688
2012-08,-0.16333596790210161
2012-09,-0.21227197194722264
2012-10,-0.05697457645235439
2012-11,-0.15793859360778198
2012-12,-0.31703321966123044
2013-01,-0.19122327042431114
2013-02,-0.20189159452873673
2013-03,-0.15438183102311495
2013-04,-0.1841313927709638
2013-05,-0.012699819724557665
2013-06,-0.151156488109424
2013-07,-0.06413603418218312
2013-08,-0.2868648015361823
2013-09,-0.3396972345846485
2013-10,-0.21006843874811998
2013-11,-0.10072387040182304
2013-12,-0.14784911771981327
2014-01,-0.1595640450279982
2014-02,-0.14650503853296742
2014-03,-0.183016124604915
2014-04,-0.07522049707606032
2014-05,-0.04390044539311071
2014-06,-0.21200559284613943
2014-07,-0.14822472142237758
2014-08,-0.17485375500289108
2014-09,-0.1844182046613306
2014-10,-0.08344051270092274
2014-11,-0.0811969259583788
2014-12,-0.11400544212088877
2015-01,-0.0461215934925685
2015-02,0.005868107239096337
2015-03,-0.23893705092685408
2015-04,-0.1569313968552028
2015-05,-0.09186235065384726
2015-06,-0.18901871393638225
2015-07,-0.11376235228358174
2015-08,-0.18376448238386175
2015-09,0.0431361477085242
2015-10,-0.11215065234407592
2015-11,-0.035015755765882846
2015-12,-0.15304134013184914
2016-01,-0.225673749878612
2016-02,-0.028166273851744195
2016-03,0.00357267534072548
2016-04,-0.03445873494112935
2016-05,-0.11049021926385291
2016-06,0.02205304484952013
2016-07,0.08473626757926131
2016-08,0.1358282362999631
2016-09,-0.160953454268
2016-10,-0.16363885382701776
2016-11,0.0005432122678322923
2016-12,-0.045864269372047975
2017-01,0.0740976786487367
2017-02,0.19176852037566905
2017-03,-0.06520854804312534
2017-04,0.16850168470365104
2017-05,0.10079600555723883
2017-06,0.04411713222904403
2017-07,0.22587354717019642
2017-08,0.10826454732019125
2017-09,0.2741949968473416
2017-10,0.015287840776950945
2017-11,0.17639422420741438
2017-12,0.07858291842695175
2018-01,0.20636052420232076
2018-02,0.12918005654024914
2018-03,0.2318929873313907
2018-04,0.1180268853352509
2018-05,0.15402062363152705
2018-06,0.2665213095153043
2018-07,0.16124570655086023
2018-08,0.12576154350461588
2018-09,0.07189213178761655
2018-10,0.23659300038804854
2018-11,0.39582628823859156
2018-12,0.08881367516639066
2019-01,0.15093964621471276
2019-02,0.06686774304352065
2019-03,0.20517369054172424
2019-04,0.24467444900168736
2019-05,0.0895331977564199
2019-06,0.1966122843262778
2019-07,0.03226650258703624
2019-08,0.2055276100810065
2019-09,0.02442219132455259
2019-10,0.1988852296547879
2019-11,0.16904400107489764
2019-12,0.1393757041655846
2020-01,0.17315884660452716
2020-02,0.26970736450861876
2020-03,-0.06808432826458657
2020-04,0.19460988611082514
2020-05,-0.09627290061282018
2020-06,0.09111003891663545
2020-07,0.255023267688376
2020-08,0.1084043797863185
2020-09,-0.018018397535908268
2020-10,0.12016754855045883
2020-11,0.22032808799102696
2020-12,0.08059192575780284
2021-01,0.088505267646761
2021-02,-0.024862390395087572
2021-03,0.2985154540901555
2021-04,-0.016763905257315623
2021-05,0.07650768027865762
2021-06,0.006304351965843067
2021-07,0.08476462759724686
2021-08,-0.010003630608526857
2021-09,0.03495096016222683
2021-10,-0.13504690749959647
2021-11,-0.14794320309901077
2021-12,-0.02699235901803297
2022-01,-0.07639070884273015
2022-02,-0.1395433311977753
2022-03,-0.2535924712292493
2022-04,-0.14870377568600496
2022-05,-0.13351555004505877
2022-06,-0.3072065964799414
2022-07,-0.2455988941292723
2022-08,-0.2517241144890228
2022-09,-0.2933199710535904
2022-10,-0.1842427411746487
2022-11,-0.27345078024240177
2022-12,-0.16466835896080195
2023-01,-0.15827430705918707
2023-02,-0.4054881043235138
2023-03,-0.32673794826662156
2023-04,-0.24187336338786952
2023-05,-0.3356019962480973
2023-06,-0.4026992378788645
2023-07,-0.5189677306331283
2023-08,-0.48055211850673407
2023-09,-0.4740250009578776
2023-10,-0.39581927491945884
2023-11,-0.5546999404811334
2023-12,-0.4829231551593383
2024-01,-0.4197316935353102
2024-02,-0.538675751040715
2024-03,-0.6103973848920559
2024-04,-0.5109175885836654
2024-05,-0.7565768220744106
2024-06,-0.5860685315681977
2024-07,-0.5759198643593539
2024-08,-0.6910964301741469
2024-09,-0.7979871081270855
2024-10,-0.6693707809256872
2024-11,-0.7564039766873584
2024-12,-0.7835479175529749
2025-01,-0.7283406236718478
2025-02,-0.6781114733610063
2025-03,-0.7529502825839897
2025-04,-0.8664951805087368
2025-05,-0.6079670509292392
2025-06,-0.5245376432400004
2025-07,-1.0125943041106913
2025-08,-0.9167185139880246
2025-09,-1.068812966549861
2025-10,-0.8091602238851572
2025-11,-0.8674579794865157
2025-12,-0.8569222972163386
2026-01,-0.9663045764103075
2026-02,-0.8080882649588481
2026-03,-0.9735789855923775
2026-04,-0.8198797994703666
2026-05,-0.7397783059739645
2026-06,-0.8976479275714963
2026-07,-0.9740730403993832
2026-08,-0.9603866773656122
2026-09,-0.805808020172135
2026-10,-0.9070973759841567
2026-11,-0.9541409396357403
2026-12,-0.8079502123790698
2027-01,-0.9564822294297514
2027-02,-0.9522736060311408
2027-03,-1.079849030615423
2027-04,-0.9699672449599616
2027-05,-0.6840174611238807
2027-06,-1.0908653916744238
2027-07,-0.8567347609127447
2027-08,-0.8824392135809466
2027-09,-0.8512335276141155
2027-10,-0.8801929484221283
2027-11,-0.8977163666735332
2027-12,-0.8625048434703125
2028-01,-0.9098084309145789
2028-02,-0.6777537491011997
2028-03,-0.6987397268896574
2028-04,-1.083382636812194
2028-05,-1.0014902068712717
2028-06,-0.6878021618385467
2028-07,-0.6636783531809571
2028-08,-0.6131000992052346
2028-09,-0.6743231756826996
2028-10,-0.6849916757444905
2028-11,-0.5977686841334645
2028-12,-0.6464557834952072
2029-01,-0.8058275913456097
2029-02,-0.570128874169472
2029-03,-0.7019851560538437
2029-04,-0.5942377312816048
2029-05,-0.6043752195636654
2029-06,-0.5779584746958355
2029-07,-0.38261186053870644
2029-08,-0.5406887583083392
2029-09,-0.5455010861416685
2029-10,-0.22633563170574109
2029-11,-0.4463800166653487
2029-12,-0.29623623721072573
2030-01,-0.4067497645102117
2030-02,-0.16397814982169515
2030-03,-0.2236475426042845
2030-04,-0.2780382302283644
2030-05,-0.21675879933050385
2030-06,-0.21513036306986263
2030-07,-0.22200713262767188
2030-08,-0.2498131514398483
2030-09,-0.18889601485359475
2030-10,-0.011630420717735797
2030-11,-0.08943352164962658
2030-12,-0.05482034689908446
2031-01,0.1114223869542053
2031-02,0.033574776093191316
2031-03,0.02854097108697093
2031-04,0.37407082720050255
2031-05,0.26241553224705616
2031-06,0.22425071212051895
2031-07,0.12890894611208487
2031-08,0.2333897230012457
2031-09,0.189872434475771
2031-10,0.5164854487679473
2031-11,0.440260465614298
2031-12,0.5184723746762172
2032-01,0.5391520390225408
2032-02,0.37892223509800793
2032-03,0.6514890440968865
2032-04,0.4812813412486877
2032-05,0.691376397543358
2032-06,0.5413172505472437
2032-07,0.5258906126033237
2032-08,0.7381632214397723
2032-09,0.7729256560974289
2032-10,0.673529305606009
2032-11,0.8222967073581583
2032-12,0.8009845329288545
2033-01,0.7521521444808603
2033-02,0.9725859282943576
2033-03,0.708693024670707
2033-04,1.1351033122181045
2033-05,0.8998899324130407
2033-06,0.9355225891099528
2033-07,1.2033309335271911
2033-08,1.0572903500151811
2033-09,1.199443051162187
2033-10,1.1234047722470493
2033-11,0.9652388586859111
2033-12,1.0820209444859792
2034-01,1.0877237735562924
2034-02,1.3641149563304587
2034-03,1.2792905754617943
2034-04,1.336997305701291
2034-05,1.2783490067090448
2034-06,1.5003823716020452
2034-07,1.3828466455432664
2034-08,1.4575993675143637
2034-09,1.5470793004155166
2034-10,1.4097985496493424
2034-11,1.4600276230825182
2034-12,1.4575597224548549
2035-01,1.5241474724855724
2035-02,1.5131932642128652
2035-03,1.5108658809840831
2035-04,1.5397346220068808
2035-05,1.493024306891596
2035-06,1.4241934311774038
2035-07,1.566065528576632
2035-08,1.5900170249907706
2035-09,1.4727393246493674
2035-10,1.5665382681407296
2035-11,1.4611905969077652
2035-12,1.6254238690730525
2036-01,1.5905279220400803
2036-02,1.4832220214799046
2036-03,1.584118566133209
2036-04,1.6049493199109188
2036-05,1.5809711471748418
2036-06,1.6027282214330094
2036-07,1.5591749458405768
2036-08,1.449286428482815
2036-09,1.4565030255041869
2036-10,1.5157695730372769
2036-11,1.54127249011485
2036-12,1.3387576659897986
2037-01,1.461156806503836
2037-02,1.3447220155866062
2037-03,1.4114999121536078
2037-04,1.6455466487348653
2037-05,1.3502453622101305
2037-06,1.4002246132544083
2037-07,1.3765693287316287
2037-08,1.3105513556798598
2037-09,1.399849406988013
2037-10,1.2318613631250632
2037-11,1.4169365302515788
2037-12,1.178555975477812
2038-01,1.3373761873119414
2038-02,1.3240931274966532
2038-03,1.2669696701447084
2038-04,1.1228446729782808
2038-05,1.0982532715914415
2038-06,1.06389907525966
2038-07,0.9535456195965751
2038-08,1.0461487342146656
2038-09,0.8042387246785347
2038-10,0.8230666714409529
2038-11,0.830623080501948
2038-12,0.8858434270909926
2039-01,0.9010785978091265
2039-02,0.8563076666399421
2039-03,0.5720302174945802
2039-04,0.6197664189749605
2039-05,0.32237414416638527
2039-06,0.4578822275742399
2039-07,0.5302742392153236
2039-08,0.5544372121202128
2039-09,0.38667652151465404
2039-10,0.40174495398414195
2039-11,0.36249957463668453
2039-12,0.38729206957108603
2040-01,0.07340469004333414
2040-02,0.05736152836002356
2040-03,0.0397064996819812
2040-04,0.1155825115327158
2040-05,0.1224479065170509
2040-06,0.2009007959336559
2040-07,-0.0034121502754857584
2040-08,-0.1792416615497504
2040-09,-0.17216035069799812
2040-10,-0.37053634677740543
2040-11,-0.23071452343364615
2040-12,-0.07097132060457362
2041-01,-0.24355348430310947
2041-02,-0.591559287301855
2041-03,-0.33192285075144085
2041-04,-0.42545703932131185
2041-05,-0.32080766864681143
2041-06,-0.4569443031428838
2041-07,-0.5900657716037896
2041-08,-0.6095684226996758
2041-09,-0.8247183377596029
2041-10,-0.610832801744417
2041-11,-1.0458110383740913
2041-12,-1.096540186489559
2042-01,-0.9710712383208714
2042-02,-1.0300146236984375
2042-03,-1.0892678029580896
2042-04,-1.0701295415326872
2042-05,-1.1693294527718157
2042-06,-1.0622549903341092
2042-07,-1.2546539856662076
2042-08,-1.194967758065852
2042-09,-1.2566223436970398
2042-10,-1.2491493820084776
2042-11,-1.239616693306778
2042-12,-1.46456511680892
2043-01,-1.3512387478811503
2043-02,-1.3871140745873365
2043-03,-1.4223935723365695
2043-04,-1.6348146931089473
2043-05,-1.6189321662921963
2043-06,-1.4903431121228232
2043-07,-1.7208265649614338
2043-08,-1.5643271194411668
2043-09,-1.7400246016016074
2043-10,-1.6036650486421884
2043-11,-1.8252914188245373
2043-12,-1.5963474038772694
2044-01,-1.7566960257781479
2044-02,-1.7758072055530985
2044-03,-1.7655702683757486
2044-04,-1.8908568972921405
2044-05,-1.6747453978716726
2044-06,-1.992925326943738
2044-07,-1.9231359493274887
2044-08,-2.0378284622906797
2044-09,-1.8770379255368137
2044-10,-1.9408198765483835
2044-11,-2.0091273786662858
2044-12,-1.813118083457099
2045-01,-1.9722591889042471
2045-02,-1.9965528849631584
2045-03,-1.7925688700573708
2045-04,-1.8885699103300078
2045-05,-1.8957601169717913
2045-06,-2.000320726583062
2045-07,-2.087291388876639
2045-08,-1.983578210654913
2045-09,-1.9941573030540036
2045-10,-1.7843171501250312
2045-11,-1.7816635639340321
2045-12,-1.9996435521955431
2046-01,-1.854819043687237
2046-02,-1.8375613477792092
2046-03,-1.755467168918304
2046-04,-1.7354337527110033
2046-05,-1.7996987932142394
2046-06,-1.7756202999406039
2046-07,-1.6179196367988604
2046-08,-1.7517064272067873
2046-09,-1.8376094032087642
2046-10,-1.7893713459044922
2046-11,-1.7413546944888947
2046-12,-1.6500700737042475
2047-01,-1.717633741925679
2047-02,-1.781278498866659
2047-03,-1.5819760812878036
2047-04,-1.4878471110870108
2047-05,-1.4031456449020157
2047-06,-1.5373779744860725
2047-07,-1.3898551871274325
2047-08,-1.359868804884004
2047-09,-1.4965350960901482
2047-10,-1.368250244541955
2047-11,-1.437919161812701
2047-12,-0.9478414480753734
2048-01,-1.0526293996832092
2048-02,-1.1338589573218072
2048-03,-1.1583679107480014
2048-04,-1.0629836825425765
2048-05,-1.0466748899856178
2048-06,-1.1312122542303813
2048-07,-0.8891237769491095
2048-08,-0.8965360290382131
2048-09,-0.9845314842000408
2048-10,-0.760657016458145
2048-11,-0.8110004174022247
2048-12,-0.5057974440778602
2049-01,-0.7123034545013666
2049-02,-0.5828921793521628
2049-03,-0.5359049718315417
2049-04,-0.2829994424970977
2049-05,-0.5538845038648261
2049-06,-0.14823929485763312
2049-07,-0.21359475018955226
2049-08,-0.2177626380892557
2049-09,-0.267435584031492
2049-10,-0.19049136513489154
2049-11,-0.14501271122270362
2049-12,0.04307622856190034
2050-01,-0.07102733557165089
2050-02,0.21362048604320344
2050-03,0.30932983275053405
2050-04,0.1994024968883831
2050-05,0.06915746965062383
2050-06,0.23871381119424745
2050-07,0.26729391552756715
2050-08,0.4922407530125006
2050-09,0.3533451209311055
2050-10,0.5660240123537187
2050-11,0.5856568524628478
2050-12,0.5625433024963097
2051-01,0.5676161927938832
2051-02,0.7801165205879894
2051-03,0.8704866166711839
2051-04,0.9337015971575404
2051-05,0.809389030278223
2051-06,0.8243543014552978
2051-07,1.1582543986462202
2051-08,1.03502346683645
2051-09,1.0031641507351328
2051-10,1.1312787077034103
2051-11,1.040741748069192
2051-12,1.10006518369377
2052-01,1.2716501223244987
2052-02,1.2797832779933762
2052-03,1.4097770294619547
2052-04,1.1907194322016674
2052-05,1.2667416019223683
2052-06,1.528039167439498
2052-07,1.5194775864499508
2052-08,1.4533898943572492
2052-09,1.7844867026526414
2052-10,1.6947489523607646
2052-11,1.6607712850296013
2052-12,1.6842192492683943
2053-01,1.5633434716010657
2053-02,1.822771652237766
2053-03,1.6508423423284666
2053-04,1.6725444009282837
2053-05,2.0059512561753827
2053-06,1.8142728548294047
2053-07,1.8545326505960233
2053-08,1.7635456258136686
2053-09,1.8663600840058456
2053-10,1.9892476838372901
2053-11,1.9657136486905522
2053-12,2.070576809956989
2054-01,1.9590778651466025
2054-02,1.9745819902737134
2054-03,1.715497674811536
2054-04,1.913338264123876
2054-05,1.9442079757976456
2054-06,1.8002809479886315
2054-07,1.828856390359891
2054-08,1.991774839397355
2054-09,1.9792372389657782
2054-10,2.0769377821873167
2054-11,1.7433647421768477
2054-12,1.9275017079711978
2055-01,1.9694365901314244
2055-02,1.8840188127581194
2055-03,1.8350517222760985
2055-04,2.053801441210921
2055-05,1.9829121872252315
2055-06,2.072222071580916
2055-07,2.0313827998360727
2055-08,1.7390226886032563
2055-09,1.935722502888526
2055-10,1.79721239170577
2055-11,1.81912345397286
2055-12,1.81706756755739
2056-01,1.88243179814101
2056-02,1.7842309419419273
2056-03,1.772972746201274
2056-04,1.6408932199079638
2056-05,1.6351116247270694
2056-06,1.6500982685859427
2056-07,1.4552248381199182
2056-08,1.6791425320048534
2056-09,1.4069900327905067
2056-10,1.5161867728249505
2056-11,1.2097311232739736
2056-12,1.2452314103705657
2057-01,1.3947838932417385
2057-02,1.249392702311396
2057-03,1.0610538093548636
2057-04,1.2965442086643417
2057-05,1.208659519629398
2057-06,1.0668295822809883
2057-07,1.1974529145443997
2057-08,1.1770196181286419
2057-09,0.9272224003299075
2057-10,1.1189624160961746
2057-11,1.0398897484111373
2057-12,1.0289191557056916
2058-01,0.7625323450509804
2058-02,1.0252648924178294
2058-03,0.7547621258854788
2058-04,0.9075313228049349
2058-05,0.7412533007674436
2058-06,0.6274811680123212
2058-07,0.37595271872768166
2058-08,0.535618840025311
2058-09,0.674465652461537
2058-10,0.6456228225198138
2058-11,0.3732900767595906
2058-12,0.3234265713490755
2059-01,0.33373525820075517
2059-02,0.29615874925950875
2059-03,0.1330632778090952
2059-04,0.11044788926189901
2059-05,-0.023944067930947402
2059-06,0.19013717846691222
2059-07,0.02310988386404704
2059-08,-0.04648544363771204
2059-09,0.07025592290150784
2059-10,-0.24228135518200328
2059-11,-0.07469034482171413
2059-12,-0.26312900907863124
2060-01,-0.1814770908790037
2060-02,-0.43132717821726163
2060-03,-0.3637288129785319
2060-04,-0.37734583448052156
2060-05,-0.4034995667084762
2060-06,-0.4265154875228908
2060-07,-0.7225105821750553
2060-08,-0.6642501100080146
2060-09,-0.6243947525403163
2060-10,-0.8265720326380481
2060-11,-0.8092073956191898
2060-12,-0.5372544608875545
2061-01,-0.7312736401371508
2061-02,-0.941154166912737
2061-03,-0.9674576031758839
2061-04,-0.9894796553602316
2061-05,-1.06787841699342
2061-06,-0.9786356538595008
2061-07,-1.0052037126484201
2061-08,-1.0153787394595135
2061-09,-1.1251375805787338
2061-10,-1.2694306057985028
2061-11,-1.3143332006304471
2061-12,-1.3157028026531898
2062-01,-1.378066077965261
2062-02,-1.3093965286083153
2062-03,-1.2404127565712042
2062-04,-1.350943882124885
2062-05,-1.348112388428102
2062-06,-1.2868969275025162
2062-07,-1.4189940956126452
2062-08,-1.3600686876064412
2062-09,-1.4440301267568176
2062-10,-1.4518690884082184
2062-11,-1.5864193029954445
2062-12,-1.5156597393783158
2063-01,-1.5030217380917665
2063-02,-1.4063179007550797
2063-03,-1.4445299464333283
2063-04,-1.4344898507049477
2063-05,-1.665049124473262
2063-06,-1.646010684229164
2063-07,-1.5511971949645058
2063-08,-1.7102942806866945
2063-09,-1.6571379348314959
2063-10,-1.6199218895001688
2063-11,-1.5056820667675592
2063-12,-1.650172213813048
2064-01,-1.4538174799015875
2064-02,-1.6083399918932997
2064-03,-1.369731176541043
2064-04,-1.4431668027855409
2064-05,-1.655814818270751
2064-06,-1.4678381535416731
2064-07,-1.6528767371039546
2064-08,-1.634211229281541
2064-09,-1.6841396182339123
2064-10,-1.6113763571053683
2064-11,-1.240463878263759
2064-12,-1.6078620918096822
2065-01,-1.39892007737291
2065-02,-1.3858026730181123
2065-03,-1.382516165898453
2065-04,-1.3245561516444815
2065-05,-1.4206525240183467
2065-06,-1.3810915650326254
2065-07,-1.3553982489969045
2065-08,-1.2374887396711818
2065-09,-1.1982572530315005
2065-10,-1.4080268533551572
2065-11,-1.1206236750430987
2065-12,-1.3880261448365636
2066-01,-1.1680318616753778
2066-02,-1.16846318806097
2066-03,-1.251220079723522
2066-04,-1.3057144501328235
2066-05,-1.029092161952693
2066-06,-0.9300162660696595
2066-07,-0.837355961183367
2066-08,-1.180967233234024
2066-09,-1.088234173602313
2066-10,-1.0447758462903765
2066-11,-0.9237672047447042
2066-12,-0.9560301255210741
2067-01,-0.9398632708649219
2067-02,-0.7574177884712824
2067-03,-0.683244179808691
2067-04,-0.6488266942798978
2067-05,-0.5689982799390367
2067-06,-0.7058036135740567
2067-07,-0.5811922198879861
2067-08,-0.560841256186996
2067-09,-0.6567995938174209
2067-10,-0.4643992360066491
2067-11,-0.4907069552246565
2067-12,-0.5113492626485805
2068-01,-0.451851913849631
2068-02,-0.2206942985386119
2068-03,-0.3022016557680967
2068-04,-0.3744992592296087
2068-05,-0.21634723489046123
2068-06,-0.14472185116344322
2068-07,-0.21441944638317692
2068-08,-0.23741700401615917
2068-09,-0.23879095460842265
2068-10,0.07166542657797498
2068-11,-0.10081564545566653
2068-12,-0.054701076494630956
2069-01,-0.0975938917684707
2069-02,0.047591839241902696
2069-03,-0.03719359031705888
2069-04,0.09692076240254631
2069-05,0.23494765537350992
2069-06,0.07036934350297899
2069-07,0.07960649583698115
2069-08,0.2588299123457121
2069-09,0.28282771191626194
2069-10,0.09865438299086315
2069-11,0.32867878581980314
2069-12,0.27497144371414156
2070-01,0.31314982604978103
2070-02,0.29195586647675775
2070-03,0.6155963823401694
2070-04,0.4235133190777344
2070-05,0.5045277214492571
2070-06,0.3901728960441559
2070-07,0.35468715638379944
2070-08,0.6566455614261398
2070-09,0.6249883419540607
2070-10,0.6177571545457402
2070-11,0.6159874229066947
2070-12,0.5746189932179531
2071-01,0.7245414760157809
2071-02,0.8502176132216607
2071-03,0.7464584597946
2071-04,0.4940315981472526
2071-05,0.6877143163126671
2071-06,0.8905743738957893
2071-07,0.8496619987175388
2071-08,0.711967539017347
2071-09,0.6064167766759103
2071-10,0.9076640854604319
2071-11,0.8425824217345337
2071-12,0.7461810853488083
2072-01,0.8385345733903126
2072-02,0.8167245900192894
2072-03,0.6880945306216458
2072-04,0.8148770215197617
2072-05,0.7620430897809233
2072-06,0.9767210071088321
2072-07,0.7133191625453225
2072-08,0.8937821766083982
2072-09,0.8762724346432196
2072-10,0.9998288994003083
2072-11,0.9239700232599789
2072-12,0.8536823071105384
2073-01,0.925603902179098
2073-02,0.9547913282027031
2073-03,0.9471286224521845
2073-04,0.972789980490048
2073-05,0.9204019607916708
2073-06,0.8654395547267342
2073-07,0.7496261965679807
2073-08,0.9755020800741468
2073-09,0.8170544246394461
2073-10,0.879751259775493
2073-11,0.7236370389668412
2073-12,0.8157705393632365
2074-01,0.8224018903777016
2074-02,0.6901870427436163
2074-03,0.8470102149894051
2074-04,0.761328578071634
2074-05,0.7604632227618199
2074-06,0.9121062498062015
2074-07,0.7136387255018184
2074-08,0.6499432247137912
2074-09,0.7664698727129814
2074-10,0.7633080115092207
2074-11,0.7312511841346754
2074-12,0.7279947271786006
2075-01,0.705567825412391
2075-02,0.6863156825965279
2075-03,0.6912047700892433
2075-04,0.6913552989980059
2075-05,0.6341308923482186
2075-06,0.6754018234380567
2075-07,0.5219947098915716
2075-08,0.654049448014771
2075-09,0.43617087088665674
2075-10,0.6186809178602162
2075-11,0.61127793111531
2075-12,0.4852235425298713
2076-01,0.5435126598860145
2076-02,0.5832989137227682
2076-03,0.3417164309830406
2076-04,0.6062769580524112
2076-05,0.41052016639882605
2076-06,0.452942765317448
2076-07,0.5328436067127357
2076-08,0.5386269713217327
2076-09,0.34814522473699844
2076-10,0.24983148920990086
2076-11,0.30564042049932877
2076-12,0.35890326313685067
2077-01,0.22120556964452226
2077-02,0.176682634442919
2077-03,0.2600341604173245
2077-04,0.14751378896941547
2077-05,0.2131594160875332
2077-06,0.15218925500670263
2077-07,0.09842457411359401
2077-08,0.16757736939691506
2077-09,0.18353241466247816
2077-10,0.11896492403726812
2077-11,0.017868982039398934
2077-12,-0.019950617347598648
2078-01,0.06277032389866602
2078-02,-0.07431080978799828
2078-03,0.1130243220957354
2078-04,-0.02453790612206176
2078-05,0.019494999922478162
2078-06,0.005580947924842641
2078-07,0.09296327180627545
2078-08,-0.08182843741390752
2078-09,-0.007823105135626653
2078-10,0.047095054309792064
2078-11,-0.1450240879069019
2078-12,0.09623293964985899
2079-01,-0.1497583703987586
2079-02,-0.014954610995629489
2079-03,-0.08935027799203447
2079-04,-0.009518686306249816
2079-05,-0.3778035825755876
2079-06,-0.05813664972411182
2079-07,-0.056781113316234484
2079-08,-0.18021040398235946
2079-09,-0.20981083466734335
2079-10,-0.18991765532191873
2079-11,-0.2158985867121494
2079-12,-0.24597470657630444
2080-01,-0.1564949224566428
2080-02,-0.20630589503857935
2080-03,0.06581220577111857
2080-04,-0.09018637082771265
2080-05,-0.14857193938781743
2080-06,-0.07670198443006476
2080-07,-0.11134105331136998
2080-08,-0.15458322118439324
2080-09,-0.06967226476209967
2080-10,0.01185765507469283
2080-11,-0.27030561987330676
2080-12,-0.054795299574445955
2081-01,-0.07341509314293643
2081-02,-0.19177489157183825
2081-03,-0.04883827678606176
2081-04,-0.23329353403654274
2081-05,0.0006315569853221903
2081-06,-0.058304302325384194
2081-07,-0.21646578659179988
2081-08,-0.3204280244148633
2081-09,-0.16297209662318393
2081-10,0.0034764279891684458
2081-11,-0.07552867125623758
2081-12,-0.128847341593958
2082-01,-0.17163901598171863
2082-02,-0.14384587527542356
2082-03,-0.13721322971571392
2082-04,0.04260147452784652
2082-05,-0.04679667142619815
2082-06,0.032746166915459854
2082-07,-0.04037708548489502
2082-08,-0.00030845377683566544
2082-09,-0.049145060585904954
2082-10,0.04154626874086889
2082-11,-0.001088389085196713
2082-12,-0.04367718666399433
2083-01,0.03417912062647921
2083-02,-0.0760602256858502
2083-03,-0.14186981218961822
2083-04,-0.15660249650218588
2083-05,0.004274874709756403
2083-06,0.03615669220062176
2083-07,0.019775557642251237
2083-08,0.18803029570304258
2083-09,0.005511938441694925
2083-10,0.16084205243372673
2083-11,0.22277294210540982
2083-12,0.23721450692974733
2084-01,0.12522786319916665
2084-02,0.12653675073860388
2084-03,0.3513984984127066
2084-04,0.24462763265756637
2084-05,0.2733060710162371
2084-06,0.18686270911294933
2084-07,0.43276620709896046
2084-08,0.3300918592076505
2084-09,0.3100220956103834
2084-10,0.44371009544262563
2084-11,0.4940349296980338
2084-12,0.5689796537077855
2085-01,0.5963534896784962
2085-02,0.628449539012881
2085-03,0.4924788820039844
2085-04,0.4398460197040379
2085-05,0.4544306777670915
2085-06,0.3589460015580866
2085-07,0.5828752941865221
2085-08,0.609978394366966
2085-09,0.6767056303897433
2085-10,0.5328579307048549
2085-11,0.4778059696061257
2085-12,0.5399547362535363
2086-01,0.6970574899966249
2086-02,0.6286025014450067
2086-03,0.5886223497644004
2086-04,0.7428208050363188
2086-05,0.6790440400249859
2086-06,0.7081879250671894
2086-07,0.6704467622568819
2086-08,0.8754090053473114
2086-09,0.6176443145527087
2086-10,0.5826493581469808
2086-11,0.593486223411649
2086-12,0.6707396861016524
2087-01,0.5308380540099682
2087-02,0.5635029532325545
2087-03,0.638029426306236
2087-04,0.7178423272591505
2087-05,0.856708921093227
2087-06,0.7292548108518138
2087-07,0.6744247211846581
2087-08,0.5352870012418047
2087-09,0.4656320536490117
2087-10,0.582399954514278
2087-11,0.46738893429534606
2087-12,0.49766911435534344
2088-01,0.517837038637465
2088-02,0.5628702971696952
2088-03,0.4854874863263951
2088-04,0.5719722980609958
2088-05,0.4506202934292685
2088-06,0.5553883090834287
2088-07,0.5840140983548472
2088-08,0.4053120851359837
2088-09,0.36664739817463204
2088-10,0.46157356490408225
2088-11,0.33744814695353864
2088-12,0.28493132290345674
2089-01,0.20874641153516882
2089-02,0.10590834713949032
2089-03,0.20170948103033187
2089-04,0.13985894981100627
2089-05,0.12548220295406304
2089-06,0.22634446406857722
2089-07,0.21412395943432203
2089-08,0.09413438807989792
2089-09,0.04936109510667643
2089-10,0.0859917918221579
2089-11,-0.060429576757590364
2089-12,0.011358058671394448
2090-01,-0.05992580173627018
2090-02,0.08268513645752715
2090-03,-0.10384920204192957
2090-04,0.049535824181414195
2090-05,-0.14375644235191146
2090-06,-0.17255094101189708
2090-07,-0.32184120048484977
2090-08,-0.2605833158024284
2090-09,-0.19860409607743063
2090-10,-0.4184195765540171
2090-11,-0.2866736627296152
2090-12,-0.23315253167263297
2091-01,-0.3888078956457537
2091-02,-0.49826988804888456
2091-03,-0.3650184987773025
2091-04,-0.5821952369160659
2091-05,-0.6688456439915668
2091-06,-0.5632312996743504
2091-07,-0.6803971522372481
2091-08,-0.7921276134453988
2091-09,-0.49643293927085963
2091-10,-0.9758591512092194
2091-11,-0.7133756542726355
2091-12,-0.7729064109586463
2092-01,-0.7873488987518253
2092-02,-0.8015963444920247
2092-03,-0.9519157436179287
2092-04,-1.228451399557673
2092-05,-0.9880672351634585
2092-06,-0.9955854539281348
2092-07,-1.2194754015350466
2092-08,-1.0640525750092789
2092-09,-1.0085437865492588
2092-10,-1.2812463293779894
2092-11,-1.4339910979365578
2092-12,-1.3327656460716069
2093-01,-1.3543838549922314
2093-02,-1.4197131469371604
2093-03,-1.2975908957758888
2093-04,-1.335191011694259
2093-05,-1.5054167999404702
2093-06,-1.2171932855472205
2093-07,-1.433030018776183
2093-08,-1.7318510617346028
2093-09,-1.4279489004581036
2093-10,-1.5818426796188951
2093-11,-1.6641783841380358
2093-12,-1.76297572337995
2094-01,-1.5034279946572349
2094-02,-1.5972232172445326
2094-03,-1.8810839805295179
2094-04,-1.862630697833941
2094-05,-1.7472800139061284
2094-06,-1.7467300511206094
2094-07,-1.9116434596964904
2094-08,-1.815611845925803
2094-09,-1.9802646328855915
2094-10,-1.8492359631062707
2094-11,-1.748619294507027
2094-12,-1.8722134241211998
2095-01,-1.586454126801991
2095-02,-1.7701333425092558
2095-03,-1.7574074943798785
2095-04,-1.9483184230273924
2095-05,-1.773618641663889
2095-06,-1.9508692972972888
2095-07,-1.757170266356064
2095-08,-1.9094317274361166
2095-09,-1.9301565980217692
2095-10,-1.8264593145406678
2095-11,-1.9530599714941668
2095-12,-1.701019074983509
2096-01,-1.9986955180624855
2096-02,-1.8598968891406809
2096-03,-1.9850598135325432
2096-04,-1.833899569274363
2096-05,-1.9344109885707683
2096-06,-1.8492449897744598
2096-07,-1.9016694931764098
2096-08,-1.958753529477128
2096-09,-1.8651909018146062
2096-10,-2.0156061157087
2096-11,-1.879639195526202
2096-12,-2.0080911153212484
2097-01,-1.9030064946786114
2097-02,-2.0668609070535453
2097-03,-1.8552998727943937
2097-04,-1.8146285772772341
2097-05,-1.9224865777995082
2097-06,-1.6843154665049476
2097-07,-1.7717235021214472
2097-08,-1.7102285350359998
2097-09,-1.7849889619549066
2097-10,-1.9595813735841703
2097-11,-1.7615775825969822
2097-12,-1.543394882639771
2098-01,-1.5250894739761403
2098-02,-1.5046614913665595
2098-03,-1.521531947263291
2098-04,-1.61632615724161
2098-05,-1.7212493627208802
2098-06,-1.6238413078709404
2098-07,-1.6275274004689648
2098-08,-1.4560745040205294
2098-09,-1.500325413981031
2098-10,-1.5086611958683929
2098-11,-1.5391560393312689
2098-12,-1.2337852875639415
2099-01,-1.2569142255166181
2099-02,-1.28929826984469
2099-03,-1.2772879762183904
2099-04,-1.3926564515497437
2099-05,-1.1821549242888405
2099-06,-1.149203779049733
2099-07,-1.2092068154966635
2099-08,-0.921644536467285
2099-09,-1.2763680917235538
2099-10,-1.041508290515472
2099-11,-1.1258300088533324
2099-12,-1.0825605662413185
2100-01,-0.9566927980159525
2100-02,-1.0014697867859859
2100-03,-0.6950511616293843
2100-04,-0.8954518820313384
2100-05,-0.7222256527027032
2100-06,-0.8164076175823692
2100-07,-0.720787052015648
2100-08,-0.7314977276185415
2100-09,-0.8924351314626747
2100-10,-0.7702985750643996
2100-11,-0.7014540337097149
2100-12,-0.6777375779896596
2101-01,-0.45466199357366255
2101-02,-0.7712289210083759
2101-03,-0.6244155446270934
2101-04,-0.43483553347125514
2101-05,-0.4446701486632074
2101-06,-0.5026635145110592
2101-07,-0.33972463281010906
2101-08,-0.4932620954882672
2101-09,-0.3188124525133122
2101-10,-0.28946773920024493
2101-11,-0.3523680724149185
2101-12,-0.4150856692232734
2102-01,-0.38799878039021785
2102-02,-0.2811904784486866
2102-03,-0.3399571868035006
2102-04,-0.32883726629771315
2102-05,-0.2219343021085919
2102-06,-0.12238433648828537
2102-07,-0.21926102185743218
2102-08,-0.12128540920146842
2102-09,0.13869374600709528
2102-10,-0.019596383660772612
2102-11,-0.0692887096096128
2102-12,-0.043442042384333066
2103-01,-0.008067343118997157
2103-02,-0.035979932985875374
2103-03,0.04820512792444369
2103-04,0.1495635386980193
2103-05,0.06635924390621539
2103-06,0.10969487601983478
2103-07,-0.07315468666048759
2103-08,0.10193045837528614
2103-09,0.07408108867606393
2103-10,-0.06456362331260211
2103-11,-0.008527168091800971
2103-12,0.2514875223747658
2104-01,0.02141214952553569
2104-02,0.15615209065449592
2104-03,0.02867750916740009
2104-04,0.1310110086513454
2104-05,-0.07473378394321634
2104-06,0.08492242520262752
2104-07,0.07114510132924248
2104-08,-0.03488210836498283
2104-09,0.30797581271233937
2104-10,0.0714530894485584
2104-11,0.019374720708632873
2104-12,-0.02360625387497038
2105-01,-0.08707837710182029
2105-02,-0.03296362903861813
2105-03,0.0006434901744223967
2105-04,0.012652897842978312
2105-05,0.023222510337842464
2105-06,-0.2572320611537678
2105-07,-0.01621294768948406
2105-08,-0.10262103694089181
2105-09,0.10537332246848372
2105-10,-0.04268751622174947
2105-11,-0.059295624339183894
2105-12,-0.27011846366599945
2106-01,-0.008821115477636213
2106-02,-0.11001584589639839
2106-03,-0.09151932280068348
2106-04,-0.06294530109540186
2106-05,-0.14747637081115073
2106-06,-0.13857774118507896
2106-07,-0.1468990349857433
2106-08,-0.15090297744229764
2106-09,-0.05435370110846602
2106-10,-0.3137365071820981
2106-11,-0.28209962434629254
2106-12,-0.3390713094595217
2107-01,-0.3248088026814846
2107-02,-0.41442395455164943
2107-03,-0.3759255441230737
2107-04,-0.4343709615621205
2107-05,-0.3565562521526785
2107-06,-0.3434333447941792
2107-07,-0.5222798957856204
2107-08,-0.5351337190599361
2107-09,-0.6046650346335849
2107-10,-0.491987356751262
2107-11,-0.507451530809614
2107-12,-0.6592565002738061
2108-01,-0.5976552099836763
2108-02,-0.5395783253308682
2108-03,-0.7386035058139059
2108-04,-0.6963147858650813
2108-05,-0.8355884349710024
2108-06,-0.8594600234295906
2108-07,-0.8733906328048221
2108-08,-0.8240976341294197
2108-09,-0.924163097394691
2108-10,-0.855488768187526
2108-11,-1.047710024646244
2108-12,-0.8308690147775557
2109-01,-1.0085862745192689
2109-02,-1.1640553212742053
2109-03,-1.1288998212073627
2109-04,-1.1648350398739615
2109-05,-0.9937010389957012
2109-06,-1.0401590417529412
2109-07,-1.062221521457738
2109-08,-0.9656052884888888
2109-09,-1.158577926215195
2109-10,-1.286260193262038
2109-11,-1.140865712122933
2109-12,-1.2878115660339617
2110-01,-1.1724622878124826
2110-02,-1.0134190838993784
2110-03,-1.1821334799137628
2110-04,-1.1271624948594847
2110-05,-1.2027199336403844
2110-06,-1.2743765630545818
2110-07,-1.4625807319119315
2110-08,-1.4243814107930584
2110-09,-1.4733599743199757
2110-10,-1.525134201087178
2110-11,-1.3829702095698702
2110-12,-1.3265944108547052
2111-01,-1.4358046482613145
2111-02,-1.4001524087453219
2111-03,-1.4066169783936913
2111-04,-1.3509749819179828
2111-05,-1.5310266297775865
2111-06,-1.551119089213972
2111-07,-1.4098082231688243
2111-08,-1.5747936094791604
2111-09,-1.4479439631420852
2111-10,-1.3832178314444328
2111-11,-1.4566718386106232
2111-12,-1.289673808408591
2112-01,-1.4530952999559734
2112-02,-1.2509267427529456
2112-03,-1.3332641162515833
2112-04,-1.2665798966293904
2112-05,-1.6025414858088638
2112-06,-1.2970391140277011
2112-07,-1.5951557257317424
2112-08,-1.3620595251597933
2112-09,-1.4124370586821755
2112-10,-1.305659185092349
2112-11,-1.3394346123050977
2112-12,-1.3392809205104304
2113-01,-1.3115279561927637
2113-02,-1.4655567527549382
2113-03,-1.149660454392825
2113-04,-1.2450130466647458
2113-05,-1.2738542388505545
2113-06,-1.357484061676935
2113-07,-1.11292747868868
2113-08,-1.339397764134231
2113-09,-1.0452284719825218
2113-10,-1.0799622982062473
2113-11,-1.0481862200211476
2113-12,-1.1338886687698262
2114-01,-0.9972507373924844
2114-02,-0.9955727514478094
2114-03,-0.9448029540885701
2114-04,-0.9565359290767911
2114-05,-0.867319968666241
2114-06,-0.8763315177913602
2114-07,-0.9613592433753453
2114-08,-1.0146761728255862
2114-09,-0.9712089539120004
2114-10,-0.9067526010624634
2114-11,-0.808332556334208
2114-12,-0.8870261710037602
2115-01,-0.6918638962704838
2115-02,-0.7777685672264866
2115-03,-0.7268830245654712
2115-04,-0.5339227218201665
2115-05,-0.6531472215057917
2115-06,-0.6474933815240101
2115-07,-0.4795634740441155
2115-08,-0.493152542569958
2115-09,-0.4578203441319505
2115-10,-0.47727793748743785
2115-11,-0.45055719187461685
2115-12,-0.24844382264498027
2116-01,-0.29871469432709974
2116-02,-0.1981397891177684
2116-03,-0.2009266267645556
2116-04,-0.13968516037223533
2116-05,-0.16876297312620966
2116-06,-0.10364623111589487
2116-07,-0.09944711348292415
2116-08,0.011768795991414607
2116-09,0.04908033007284794
2116-10,0.08290895525352884
2116-11,-0.04746491766274287
2116-12,0.1452475840964216
2117-01,0.17590666669946645
2117-02,0.1479869550981783
2117-03,0.19336268380081573
2117-04,0.34605567525342085
2117-05,0.38018435888130897
2117-06,0.33960032004505464
2117-07,0.28985423976437197
2117-08,0.6003243673749998
2117-09,0.4284326009408063
2117-10,0.3145676029742539
2117-11,0.5434722085827632
2117-12,0.6892313798655522
2118-01,0.490973620469793
2118-02,0.631621310350179
2118-03,0.6368401741880592
2118-04,0.8588879984718162
2118-05,0.6796394477635589
2118-06,1.041386347091449
2118-07,0.9055204241408271
2118-08,0.9625541957921866
2118-09,0.8702560026677515
2118-10,0.9849010961052495
2118-11,0.8999621057163218
2118-12,0.9363697966343516
2119-01,1.0110879615594912
2119-02,1.0113202933011893
2119-03,1.091825130441737
2119-04,1.0399528986802662
2119-05,1.052126315294266
2119-06,1.1388578847005457
2119-07,1.1070811223661656
2119-08,1.1256122135680593
2119-09,1.257321725022368
2119-10,1.1357006348770633
2119-11,1.2357869121964538
2119-12,1.2877473290157415
2120-01,1.2005794341147202
2120-02,1.0361901071640296
2120-03,1.2747276725631356
2120-04,1.3715106795599652
2120-05,1.3672832766431893
2120-06,1.2033730821305637
2120-07,1.3683148164209629
2120-08,1.3027943273157552
2120-09,1.2173063426135866
2120-10,1.253512814023073
2120-11,1.2606511100918503
2120-12,1.4211379267154023
2121-01,1.4075407368203123
2121-02,1.165426575677801
2121-03,1.4879891505080092
2121-04,1.4127188774611177
2121-05,1.4517360245097666
2121-06,1.4298961092541962
2121-07,1.300955464647834
2121-08,1.2935266745716583
2121-09,1.3118556042166079
2121-10,1.4847872859932398
2121-11,1.4206421505001579
2121-12,1.5819332789720013
2122-01,1.4036951204418715
2122-02,1.295158103550935
2122-03,1.5591837298128977
2122-04,1.2019406299296311
2122-05,1.225750571690732
2122-06,1.4175455410428053
2122-07,1.2896828648519614
2122-08,1.2578004915052845
2122-09,1.341172266506212
2122-10,1.2394535344798134
2122-11,1.2526737369970782
2122-12,1.4174871882670899
2123-01,1.2014036872708493
2123-02,1.43819259728597
2123-03,1.2545603784469974
2123-04,0.9839526721341527
2123-05,1.2292551582624758
2123-06,1.0753930346446712
2123-07,1.0325695264892918
2123-08,1.1453801737390596
2123-09,1.0877234666118136
2123-10,0.9324967509595891
2123-11,1.2242725908588141
2123-12,1.0750145394565453
2124-01,1.0514111555645285
2124-02,0.9974659306333321
2124-03,1.066220767349565
2124-04,0.9137210769744043
2124-05,0.8086359048110485
2124-06,0.8108740896191451
2124-07,0.7691475573365876
2124-08,0.7432508981127725
2124-09,0.686454749936263
2124-10,0.8192509595984903
2124-11,0.718576100037961
2124-12,0.646867523923168
2125-01,0.5188496563151651
2125-02,0.7017939676867603
2125-03,0.6035798764255464
2125-04,0.7122871851826077
2125-05,0.5676783186060368
2125-06,0.5257563229405768
2125-07,0.5764309422236193
2125-08,0.4331736186741168
2125-09,0.5865111629523552
2125-10,0.30094781642410195
2125-11,0.4524248690923738
2125-12,0.41719313717292666
2126-01,0.25206658937647974
2126-02,0.39604146565693893
2126-03,0.2772782613169138
2126-04,0.2684803603296362
2126-05,0.35671684406199683
2126-06,0.23014021315676203
2126-07,0.26955646201137495
2126-08,0.2270129031111117
2126-09,0.09378854179756806
2126-10,0.2556177242500782
2126-11,0.23638708739775294
2126-12,0.3304377832956092
2127-01,0.37839145404071034
2127-02,0.23739344997367126
2127-03,-0.062262460826004506
2127-04,0.10795959794054108
2127-05,0.13767625465902178
2127-06,0.06120397170525571
2127-07,0.03642406359324063
2127-08,-0.03721429230334797
2127-09,0.05854804377034652
2127-10,0.12955659729116095
2127-11,-0.09359715457890334
2127-12,-0.11107632422297534
2128-01,0.09859700850474365
2128-02,-0.0604964886061319
2128-03,-0.0032054622598890747
2128-04,0.020788726060190194
2128-05,-0.10285270342041597
2128-06,0.13755908428555252
2128-07,-0.036126460693335714
2128-08,0.013253526742143223
2128-09,-0.18321581703998682
2128-10,0.039544716726013895
2128-11,0.0036097285078180857
2128-12,-0.1832100589656675
2129-01,-0.19139419716254347
2129-02,-0.25081678931571205
2129-03,-0.09818867365063852
2129-04,-0.26485036733092177
2129-05,-0.012411596759093979
2129-06,-0.19337760328516626
2129-07,0.08469289466513696
2129-08,-0.14581241484332647
2129-09,-0.04326503633522244
2129-10,0.05419149699003717
2129-11,0.08694778678978861
2129-12,0.07074079176313834
2130-01,0.028843282458149877
2130-02,-0.006169596099122779
2130-03,0.056643898793731585
2130-04,0.2948954739998342
2130-05,0.014576627811171888
2130-06,0.06756853362146245
2130-07,0.09370532919715262
2130-08,0.24731427190043245
2130-09,0.23115580912055403
2130-10,-0.038924112634301594
2130-11,0.017898830691178425
2130-12,0.2085883162837994
2131-01,0.15306116695896743
2131-02,0.10619021153013672
2131-03,0.20030835057869345
2131-04,0.3025354838408256
2131-05,0.2914195908535125
2131-06,0.23432570520405382
2131-07,0.3048445603437361
2131-08,0.4105362876145225
2131-09,0.4003941206022212
2131-10,0.39897920162489414
2131-11,0.582062709048473
2131-12,0.43325995199607836
2132-01,0.3897625516953084
2132-02,0.4918170331332997
2132-03,0.6980817668371281
2132-04,0.4975046766449025
2132-05,0.5235900609989156
2132-06,0.7040540764518041
2132-07,0.7702840416946483
2132-08,0.784929723957666
2132-09,0.6085842876945999
2132-10,0.7598759223591608
2132-11,0.8773094912966096
2132-12,0.9034914983223473
2133-01,0.9877428496696617
2133-02,1.0535979545594776
2133-03,0.9007364452015876
2133-04,0.9120969127798971
2133-05,1.0688083969434652
2133-06,1.1110634666556498
2133-07,0.8155035233342969
2133-08,1.1526834756201814
2133-09,1.3014248820816174
2133-10,1.356914774352305
2133-11,1.212832027569511
2133-12,1.210766403884972
2134-01,1.2087729922473338
2134-02,1.2377794846608112
2134-03,1.6306520660216508
2134-04,1.4386812946788659
2134-05,1.5063967405819794
2134-06,1.3311584461898307
2134-07,1.413113886332509
2134-08,1.463402252896663
2134-09,1.504570713806222
2134-10,1.375382201919197
2134-11,1.3106213679334147
2134-12,1.6814620019686273
2135-01,1.6284627001477696
2135-02,1.7937985094595865
2135-03,1.5896180149111574
2135-04,1.6499362415745422
2135-05,1.8247182645523317
2135-06,1.6650911430360424
2135-07,1.777466596018438
2135-08,1.7898617179647822
2135-09,1.6508644766640086
2135-10,1.8186646045827206
2135-11,1.9321344701016
2135-12,1.9624737164882597
2136-01,1.8027018723917732
2136-02,1.9744164077922584
2136-03,1.8105308438127423
2136-04,1.9834271983600527
2136-05,1.7396616978920012
2136-06,1.8279159309968833
2136-07,1.8991291844996798
2136-08,1.9138458130292495
2136-09,1.9774955033142605
2136-10,1.7890999675093346
2136-11,1.9770829812452595
2136-12,1.9592928395098115
2137-01,1.9559654766123988
2137-02,1.717153272474947
2137-03,1.9091387698163464
2137-04,1.8748488581362017
2137-05,1.914762673582485
2137-06,1.8166144540324696
2137-07,1.9837048482604163
2137-08,1.9944888395101483
2137-09,1.8037892181747481
2137-10,1.853190089272935
2137-11,1.846487524223148
2137-12,1.9446299986940878
2138-01,1.7727907766173019
2138-02,1.8964688406619628
2138-03,1.9032978174738235
2138-04,1.7563719961132223
2138-05,1.8166863470373156
2138-06,1.6952291186304655
2138-07,1.782022520534098
2138-08,1.718292967777148
2138-09,1.8391269644687942
2138-10,1.8670927095108487
2138-11,1.9204413538655674
2138-12,1.535886768557105
2139-01,1.5940175564231003
2139-02,1.6524975929395376
2139-03,1.6109515573158901
2139-04,1.5017928955952764
2139-05,1.8445142419624434
2139-06,1.412694141577747
2139-07,1.586359676850564
2139-08,1.4366779095338673
2139-09,1.4005814865500135
2139-10,1.5739208434756706
2139-11,1.503797053998661
2139-12,1.318134150860051
2140-01,1.2412723174501707
2140-02,1.5964398149441463
2140-03,1.361169337545328
2140-04,1.371273538268
2140-05,1.1348440581820398
2140-06,1.433645972574359
2140-07,1.111611188286604
2140-08,1.0917335811674753
2140-09,1.3075075021128968
2140-10,1.0708240440360526
2140-11,0.9549921145859779
2140-12,0.9592626900159954
2141-01,0.8592869156398796
2141-02,0.9015764276679841
2141-03,1.0424070383462214
2141-04,0.7631846471256596
2141-05,0.7114667050664824
2141-06,0.6998783393331929
2141-07,0.6877008962679244
2141-08,0.7338635894092866
2141-09,0.7338123681920927
2141-10,0.8093651671430693
2141-11,0.6110249324348032
2141-12,0.5637409677992714
2142-01,0.4417046461051839
2142-02,0.500713946593111
2142-03,0.6342252925195254
2142-04,0.3371974984268701
2142-05,0.29852976201107273
2142-06,0.2245879068575507
2142-07,0.361062202378295
2142-08,0.11770808999445559
2142-09,0.3129548090548564
2142-10,-0.027798663606125595
2142-11,0.36862154835675537
2142-12,0.2485302255613234
2143-01,0.12687389833385654
2143-02,0.17823265896526763
2143-03,0.008723348109617678
2143-04,0.15249742508736264
2143-05,-0.036322510237898516
2143-06,-0.026528197454683936
2143-07,-0.10881086615624087
2143-08,-0.21121898645869372
2143-09,-0.20329974740108483
2143-10,-0.14365541890830386
2143-11,-0.23924370817420634
2143-12,-0.13260214053019698
2144-01,-0.3585635278792283
2144-02,-0.06791468224841612
2144-03,-0.38468647479743606
2144-04,-0.3336603044072979
2144-05,-0.3582651537489088
2144-06,-0.2726193323132172
2144-07,-0.40526833874248097
2144-08,-0.4188756268280851
2144-09,-0.5623391413929708
2144-10,-0.4517271234523751
2144-11,-0.45763088545001424
2144-12,-0.6625022809365944
2145-01,-0.6106400679977764
2145-02,-0.7132612660320455
2145-03,-0.6559215927289438
2145-04,-0.36000584253621326
2145-05,-0.7156574505884282
2145-06,-0.5821346939178386
2145-07,-0.38015014501135236
2145-08,-0.40391416914139244
2145-09,-0.7354121304359034
2145-10,-0.7212467915837639
2145-11,-0.7219145681008442
2145-12,-0.7290098767222886
2146-01,-0.6000391947268388
2146-02,-0.6853042226400364
2146-03,-0.6928011312046333
2146-04,-0.5146352363890512
2146-05,-0.5426541501849551
2146-06,-0.7137911621985179
2146-07,-0.7209649995475781
2146-08,-0.666649482324343
2146-09,-0.6200844871534462
2146-10,-0.6453391649372308
2146-11,-0.7351711781152558
2146-12,-0.6914818813900186
2147-01,-0.41903807138312865
2147-02,-0.7477315280951707
2147-03,-0.6359476422129039
2147-04,-0.6617351735754133
2147-05,-0.6292292829089104
2147-06,-0.4652944138590627
2147-07,-0.636499627594557
2147-08,-0.7369957452858333
2147-09,-0.4822242427188551
2147-10,-0.533394239048173
2147-11,-0.46104497538885436
2147-12,-0.5245775542341773
2148-01,-0.3734894692618861
2148-02,-0.527904764453752
2148-03,-0.3289769547917332
2148-04,-0.45367871844786767
2148-05,-0.5806493189056977
2148-06,-0.2249571904338702
2148-07,-0.3093658403140441
2148-08,-0.4040741495543908
2148-09,-0.3056300977022954
2148-10,-0.20180848166137527
2148-11,-0.29462905251773536
2148-12,-0.3245450404523076
2149-01,-0.2403182973774614
2149-02,-0.227853796261421
2149-03,-0.3614942044026372
2149-04,-0.1815028480335465
2149-05,-0.08594031350645619
2149-06,-0.09342904002569065
2149-07,-0.07840045421657532
2149-08,-0.17407055727444432
2149-09,-0.19064860214708496
2149-10,-0.012956842206746436
2149-11,-0.11443543979759749
2149-12,-0.019145750349048737
2150-01,-0.20729520509295032
2150-02,-0.12330537712691239
2150-03,0.0773673918509264
2150-04,0.06823696492183838
2150-05,0.20032810111741967
2150-06,0.09741386839209756
2150-07,0.1282709230984864
2150-08,0.17895684123917116
2150-09,0.21538146637027047
2150-10,0.14892987896812104
2150-11,0.2939090545576204
2150-12,0.25491199866105385
2151-01,0.48202730193220533
2151-02,0.3387255218913921
2151-03,0.30930871643289704
2151-04,0.40132640943798403
2151-05,0.4409527383668921
2151-06,0.31954817300794564
2151-07,0.2751326675249378
2151-08,0.5957284500871772
2151-09,0.4512437780635897
2151-10,0.5372734571868538
2151-11,0.5565121434124872
2151-12,0.7036447878302705
2152-01,0.5624740936280558
2152-02,0.5073819923110661
2152-03,0.41844327585641905
2152-04,0.6705722393881586
2152-05,0.566870115021919
2152-06,0.624636929997936
2152-07,0.5763133643101692
2152-08,0.5383413265515552
2152-09,0.6442339372780372
2152-10,0.7214617264024453
2152-11,0.50043172609136
2152-12,0.607144326094475
2153-01,0.7114667546702103
2153-02,0.5500852587840442
2153-03,0.6413048612938608
2153-04,0.9037433281894598
2153-05,0.5611111280840922
2153-06,0.6843692642790278
2153-07,0.7705745927356911
2153-08,0.6707337793833266
2153-09,0.6692705927046623
2153-10,0.7865506316411879
2153-11,0.6966052935097696
2153-12,0.6644953382804908
2154-01,0.6203094843127708
2154-02,0.7108129081125678
2154-03,0.608811148657108
2154-04,0.5539664917959463
2154-05,0.5857006426681041
2154-06,0.6713275155588883
2154-07,0.5646479919925741
2154-08,0.5307411928569213
2154-09,0.5876347368901845
2154-10,0.47602407367489985
2154-11,0.43775370958497567
2154-12,0.4734846323913252
2155-01,0.5162457215550527
2155-02,0.35307532052765744
2155-03,0.4940364281132572
2155-04,0.2681724585287106
2155-05,0.4336392231024007
2155-06,0.18174092006986997
2155-07,0.29574856338116934
2155-08,0.3747049256454159
2155-09,0.3704091544251128
2155-10,0.42068637995069247
2155-11,0.23877596125195433
2155-12,0.3519116576762917
2156-01,0.2384641728425727
2156-02,0.36098257833765257
2156-03,0.19117761631755825
2156-04,0.1389403155178802
2156-05,0.19316772484226669
2156-06,0.15496826475132092
2156-07,-0.05076843602143302
2156-08,0.07484418358010403
2156-09,0.009118447239893801
2156-10,-0.0717918840955473
2156-11,-0.11102402046203659
2156-12,-0.26540120059586714
2157-01,0.046496813415145555
2157-02,-0.4101405110228976
2157-03,-0.0031733594798515896
2157-04,-0.3077859778223939
2157-05,-0.30403979452289487
2157-06,-0.4889843662369783
2157-07,-0.3219712594254149
2157-08,-0.37154689729312584
2157-09,-0.4441248179697232
2157-10,-0.5637336161679495
2157-11,-0.41952454562871366
2157-12,-0.5135548600618481
2158-01,-0.8626387972763836
2158-02,-0.4984810845916585
2158-03,-0.6090488815676136
2158-04,-0.664308051022945
